Threshold,Id,1x32,1x39,2x56,2x60,2x64,3x32,3x33,3x37,45x51,5x40,5x41,5x411,5x43,5x44,5x461,6x55,7x35,7x38,7x42
2.2,dyn10,,,,,,,,,,,,,,,,,,,
2.2,dyn4,,,,,,,,,,,,,,,,,,,
2.2,dyn7,,,,,,,,,,,,,,,,,,,
2.2,dyn9,,,,,,,,,,,,,,,,,,,
2.5,dyn10,,,,,,6.97,,,,,,,,,,,,,
2.5,dyn4,,,,,,0.39,,,,,,,,,,,,,
2.5,dyn7,,0.20,,,,,,,,,,,,,,,,,
2.5,dyn9,,,,,,1.50,,,,,,,,,,,,,
2.8,dyn10,,,,,,97.01,,,,,,,23.38,,,,,33.83,0.50
2.8,dyn4,,,,,,31.64,5.08,,,0.07,,,,,,,,,
2.8,dyn7,0.60,3.21,0.10,,1.30,,,,,,0.30,0.20,,,,,1.20,,
2.8,dyn9,,,,1.50,,80.00,,0.50,2.50,,,,1.00,1.00,2.00,0.50,,34.00,2.00
